date,WC220,WC310,WC210,WC330199101000000,17.06,-1,-1,-1199102000000,10.76666667,-1,-1,-1199103000000,14.15,-1,-1,-1199104000000,15.55,13.0827957,-1,-1199105000000,17,12.48909091,-1,14.71685714199106000000,15.45,11.65740741,-1,15.99199107000000,17.54,13.4,-1,12.10672043199108000000,13.2,7.557142857,-1,3.094462366199109000000,4.025,3.203571429,-1,1.146199110000000,8.783333333,4.211764706,-1,0.479569892199111000000,13.975,10.5,-1,8.832055556199112000000,11.16666667,-1,-1,9.71688172199201000000,13.4,13,-1,11.20360215199202000000,11.22857143,10.16666667,-1,9.847471264199203000000,12.58125,11.20769231,-1,10.75096774199204000000,12.88666667,12.61794872,-1,9.868111111199205000000,16.5,15.22,-1,13.0927957199206000000,13.2,10.74166667,13,10.8199207000000,13.26515152,10.83333333,13.85,8.966989247199208000000,11.195,9.754166667,11.825,9.953387097199209000000,10.97708333,5.7625,8.76,5.237444444199210000000,11.971875,6.375,11,2.498978495199211000000,10.42615385,9.154545455,9.8,8.6845199212000000,9.908333333,8.357142857,9.58,10.02967742199301000000,11.975,10.4,10.76666667,9.464139785199302000000,7.958333333,9.45,9.5,7.953690476199303000000,5.108333333,4.2375,5.25,4.661397849199304000000,8.9859375,9.375,8.55,8.329333333199305000000,10.74903846,11.48292683,10.94,9.147688172199306000000,13.08165138,11.85510204,12.45074627,10.81955556199307000000,9.677659574,6.724193548,8.503389831,7.441021505199308000000,8.93559322,6.593939394,7.780645161,7.55016129199309000000,8.917241379,8.804166667,8.665714286,8.102833333199310000000,10.06666667,10.0375,9.041935484,8.79827957199311000000,10.5,8.233333333,10.12222222,7.960388889199312000000,8.9,8.92,8.9,7.516666667199401000000,9.775,10.575,11.525,8.14483871199402000000,8.7,9.225,9.65,7.214166667199403000000,8.733333333,8.4875,8.755555556,7.093010753199404000000,9.375,7.723529412,9.142857143,5.685833333199405000000,8.05,7.214285714,8.075,5.788333333199406000000,10.6,8.534615385,10.93333333,6.369611111199407000000,10.1,4.28,11.575,2.162204301199408000000,3.466666667,0.0625,9.733333333,0.60327957199409000000,0.425,3.56875,8.4,0.997833333199410000000,6.075,5.84375,7.975,2.855913978199411000000,6.92,6,7.5,4.125944444199412000000,7.5,6.575,7.875,5.604892473199501000000,7.14,6.58,7.5,6.402096774199502000000,6.9,5.95,6.625,5.114047619199503000000,9.65,7.72,8.37,6.107903226199504000000,13.3137931,9.633333333,11.21818182,8.814199505000000,20.20526316,14.74594595,16.67444444,14.14182796199506000000,20.53809524,15.58,16.56666667,14.79088889199507000000,17.80588235,13.55,14.6375,11.62284946199508000000,12.52857143,4.32,12.46,2.519731183199509000000,-1,-0.383333333,-1,0.470222222199510000000,-1,-1,-1,1.056451613199511000000,1.96,2.307692308,8.3,0.540888889199512000000,-1,2.666666667,8.6,0.817204301199601000000,3.733333333,4.725,9.8,1.455430108199602000000,6.15,4.55,5.975,3.644942529199603000000,5.307692308,5.05,6.7,3.567043011199604000000,8.428571429,4.68,8.1,2.898777778199605000000,14.29056604,10.53728814,14.50526316,8.814677419199606000000,19.55866667,16.01052632,17.71451613,15.53866667199607000000,20.05,14.254,17.57,14.54962366199608000000,13.7,8.635555556,13.95,7.470967742199609000000,11.175,6.487878788,15.575,3.368555556199610000000,15.34,11.2893617,14.54285714,9.235107527199611000000,14.75416667,12.521875,13.94615385,12.626199612000000,13.86666667,13.31666667,12.72,12.32833333199701000000,10.68,9.9,9.05,9.954892473199702000000,6.42,7.55,7.575,7.042380952199703000000,9.93125,8.2,9.44,7.682526882199704000000,11.90416667,10.35384615,10.29,9.665833333199705000000,12.79662921,11.42555556,12.221875,10.87822581199706000000,14.18148148,13.34,13.72424242,12.99472222199707000000,14.12465753,9.997560976,10.40714286,10.45451613199708000000,12.68333333,7.4,12.725,4.285913978199709000000,-1,-0.084210526,12.2,0.756444444199710000000,11.55,6.096666667,10.7,1.222204301199711000000,10.94285714,10.20555556,11.45,8.962944444199712000000,10.82,10.44,11.1,10.09123656199801000000,10.7,9.975,10.65,10.57204301199802000000,10.325,10.05,10.55,9.294642857199803000000,10.43333333,11.28,12.8,11.6055914199804000000,13.54642857,13.59148936,14.93684211,13.45338889199805000000,13.73,13.47073171,16.1,12.41994624199806000000,10.93090909,8.310344828,10.97755102,9.787111111199807000000,10.22972973,7.922222222,11.24,11.19150538199808000000,7.56,7.85,10.675,6.357526882199809000000,8.253703704,6.323529412,12.725,2.738777778199810000000,7.528571429,7.644642857,13.36,6.53844086199811000000,8.740909091,9.96557377,12.08,9.242388889199812000000,8.8,9.9,12.86,9.451827957199901000000,8.25,9.175,12.825,8.050698925199902000000,7.675,8.75,9.775,8.240297619199903000000,8.7,10,11.35,9.051505376199904000000,10.87857143,13.56034483,16.11621622,12.08394444199905000000,12.01290323,14.59824561,15.32222222,14.18387097199906000000,13.55789474,17.64716981,18.76666667,16.60116667199907000000,13.97,14.63043478,17.68888889,12.71150538199908000000,7.909090909,8.566666667,12.048,6.271505376199909000000,-1,1.588095238,13.95,0.5575199910000000,-1,0.847619048,-1,0199911000000,-1,0.644444444,-1,0199912000000,-1,2.93,-1,0200001000000,-1,7.666666667,-1,0200002000000,5.7,8.107142857,10.13333333,2.058678161200003000000,9.28,10.64285714,17.12,5.692526882200004000000,9.625,8.938709677,17.725,2.134611111200005000000,12.3625,8.641666667,18.3,1.408602151200006000000,10.82580645,13.60526316,16.22941176,11.20944444200007000000,11.76363636,8.976923077,19.04285714,8.110107527200008000000,7.8,-0.623076923,-1,3.295322581200009000000,-1,-1,-1,3.593388889200010000000,-1,-1,-1,3.891451613200011000000,-1,0.241666667,-1,4.189444444200012000000,-1,-1,-1,4.487580645200101000000,-1,1.5,-1,4.790376344200102000000,6.1,2.4,7.6,5.097142857200103000000,5.855555556,6.057142857,9.222222222,7.884677419200104000000,11.69032258,14.12941176,15.84594595,13.25872222200105000000,16.57058824,19.73538462,21.91466667,17.29102151200106000000,19.68636364,22.48421053,26.22173913,21.69055556200107000000,19.025,11.02727273,25.32,14.21677419200108000000,13.9,1.195454545,-1,1.118387097200109000000,13.18333333,3.196296296,-1,2.418444444200110000000,12.1,2.3625,-1,1.332580645200111000000,14.5,3.246153846,-1,1.338555556200112000000,-1,11.175,-1,6.185698925200201000000,16.75,10.9,-1,7.848548387200202000000,13.63333333,10.275,13.45,7.482142857200203000000,11.975,10.825,14.16666667,9.465698925200204000000,14.22727273,11.86521739,18.78461538,7.374055556200205000000,20.32727273,17.77407407,23.70740741,17.0872043200206000000,25.375,21.15384615,27.35714286,19.28705556200207000000,15.32702703,14.62424242,23.52571429,9.095537634200208000000,9.82,1.163636364,13.4,1.105215054200209000000,10.1,0.894736842,-1,1.0045200210000000,9.191666667,3.675,20,0.56327957200211000000,23.76,18.84,28.06,7.462944444200212000000,22.4,18.43333333,26.8,11.18822581200301000000,22.96666667,17.86666667,24.52,11.04456522200302000000,12.9,12.75,23.05,8.785200303000000,10.45,8.475,15.31428571,6.575714286200304000000,21.6,17.44615385,22.40625,2.344388889200305000000,28.72962963,21.84561404,27.78888889,3.228978495200306000000,29.48974359,23.09534884,29.08333333,7.411055556200307000000,22.89117647,15.56666667,21.51875,22.38150538200308000000,24.4,5.616666667,26.9,24.6483871200309000000,22.85,0.525,-1,19.9915200310000000,-1,-0.68,-1,7.682795699200311000000,6.21875,9.323809524,11.31666667,0.520888889200312000000,26.9,15.14,16.725,0.203924731200401000000,24.9,17.7,21.375,6.371774194200402000000,16.05,10.24444444,11.6,9.352643678200403000000,16.25416667,13.98965517,17.32121212,11.96247312200404000000,21.704,18.68695652,21.76,9.466833333200405000000,16.38214286,11.12941176,17.05531915,13.57892473200406000000,17.63793103,15.74117647,18.59565217,16.78527778200407000000,19.78461538,13.07037037,21.20454545,15.84053763200408000000,12.3175,11.0625,13.68965517,16.11946237200409000000,16.91,9.314285714,16.87,15.791200410000000,24.5,10.075,19.1,11.75231183200411000000,17.42,11.80454545,15.90588235,10.541200412000000,18.76,14.7,17.64,7.655806452200501000000,17.16666667,13.45,16.275,11.46586022200502000000,15.175,12.375,14.2,12.97059524200503000000,16.53,14.46,15.84545455,12.36725806200504000000,17.91111111,15.26470588,17.57727273,11.45633333200505000000,21.28333333,16.31538462,17.13846154,12.68091398200506000000,22.85,16.89333333,19.16666667,13.43466667200507000000,23.8,10.26,17.95,15.38225806200508000000,11.99285714,5.136,5.533333333,15.80758065200509000000,12.40666667,3.482608696,13.41666667,8.956833333200510000000,20.85,13.4,17.4,3.296451613200511000000,20.84,12.26,16.2,1.716277778200512000000,17.6,12.5,15.875,8.246075269200601000000,18.325,13.875,15.55,6.964892473200602000000,16.9,11.95,14.15,9.977678571200603000000,14.84285714,11.38461538,13.63571429,11.95946237200604000000,16.88571429,13.37619048,16.18,10.52988889200605000000,20.96666667,18.32173913,21.37368421,9.841935484200606000000,21.96,18.25,20.92857143,11.42738889200607000000,14.45555556,8.068181818,18.7,16.61333333200608000000,7.995238095,4.945833333,10.13333333,15.82752688200609000000,14.91153846,12.1125,15.85833333,5.237444444200610000000,17.08,14.075,16.59,1.973763441200611000000,14.85333333,12.71,15.65,10.64016667200612000000,16.62727273,13.82222222,16.04615385,12.96166667200701000000,17.08,14.12,15.66,12.22688172200702000000,13.7,11.375,12.925,12.13613095200703000000,14.39285714,11.87575758,12.37142857,13.00564516200704000000,17.75666667,13.26176471,14.71724138,10.17027778200705000000,18.86923077,15.18148148,16.1,10.34193548200706000000,23.49166667,18.53636364,19.875,12.50388889200707000000,14.78333333,12.66666667,19.35833333,14.68301075200708000000,6.476923077,4.064285714,11.15,17.10822581200709000000,6.833333333,1.352941176,10.7,10.21816667200710000000,9.62173913,8.261904762,11.896,1.122580645200711000000,12.875,11.025,12.75,0.408944444200712000000,11.625,9.725,11.3,6.199946237200801000000,11.66,9.36,11.4,9.176397849200802000000,10,7.85,10.6,7.910229885200803000000,4.8,3.361111111,6.7,7.910913978200804000000,11.20416667,11.04827586,12.55,5.839388889200805000000,14.34117647,11.785,14.25294118,5.260483871200806000000,11.9173913,7.14137931,7.151724138,10.147200807000000,10.42380952,7.867857143,9.35,12.24602151200808000000,10.46666667,9.2,11.375,7.846666667200809000000,7.34375,7.394117647,11.02307692,10.92727778200810000000,8.262068966,8.872222222,10.665,8.510645161200811000000,9.026666667,9.2125,10.85,5.560833333200812000000,11.9,10.825,12.3,8.229569892200901000000,12.3,9.94,12.14,9.411075269200902000000,6.7,6.283333333,7.3,9.705535714200903000000,8.95,7.5,8.672727273,8.667473118200904000000,10.88,10.26666667,11.01428571,6.196444444200905000000,13.21428571,11.88333333,13.11666667,7.627580645200906000000,12.75,13.40769231,12.35555556,9.265722222200907000000,15.125,12.05,13.55,10.04645161200908000000,10.32,2.06,10.83333333,10.8561828200909000000,5.9,0.2125,-1,9.5525200910000000,6.844444444,3.855555556,7.44,0.916075269200911000000,9.2,8.457142857,8.757142857,0.104722222200912000000,10.36,9.52,9.7,1.898602151201001000000,10.35,9.225,9.9,7.434408602201002000000,9.5,8.475,9.225,7.689047619201003000000,9.075,6.8625,5.925,7.868064516201004000000,12.7375,9.975,9.9,6.749444444201005000000,15.01666667,11.95,11.36666667,6.074731183201006000000,14.19411765,9.488235294,10.70588235,8.663333333201007000000,10.725,9.533333333,9.490909091,10.50801075201008000000,6.7,4.207142857,4.74,9.950483871201009000000,6.363636364,5.009090909,4.909090909,8.628388889201010000000,9.2,6.925,5.875,3.592096774201011000000,8.2,6.957142857,6.271428571,4.525055556201012000000,8.575,6.7,6.35,5.887150538201101000000,8.1,6.275,6.2,5.711021505201102000000,6.85,6.275,6.625,5.778690476201103000000,7.583333333,7.625,7.525,5.146505376201104000000,9.881818182,8.781818182,9.2,4.921111111201105000000,14.22,11.73,12.11428571,5.888817204201106000000,18.30769231,14.89230769,14.62307692,6.046555556201107000000,18.6375,14.55,15.025,9.335268817201108000000,9.45,2.357142857,11.65,12.06612903201109000000,-1,0.15,-1,10.06094444201110000000,-1,0.65,-1,1.297849462201111000000,6.4,1.092857143,7.45,0201112000000,6.26,4.642857143,9.725,0.003870968201201000000,-1,11.575,10.6,0.273655914201202000000,8.325,6.56,9.866666667,2.345517241201203000000,13.7,9.94,11.325,4.117043011201204000000,22.1875,17.81428571,18.71428571,4.804444444201205000000,25.275,19.2,20.1,3.795806452201206000000,24.13333333,18.4,20.12857143,12.91594444201207000000,12.93333333,4.477777778,16.5,17.29919355201208000000,2.45,0.15,-1,16.44655914201209000000,1.55,-1,-1,5.262111111201210000000,2,0.15,-1,1.044086022201211000000,4.3,0.15,-1,1.090666667201212000000,3.7,0.15,-1,1.137473118201301000000,-1,1.23,-1,1.184677419201302000000,-1,2.125,4,1.229821429201303000000,8.042857143,4.936363636,5.1125,1.274892473201304000000,23.28181818,14.89166667,-1,1.580344828201305000000,33.5,23.25714286,-1,-1201306000000,37.8,26.75,-1,-1201307000000,46.17142857,29.31428571,-1,-1201308000000,38.55,25.3,-1,-1201309000000,22.06666667,4.116666667,-1,-1201310000000,39.66,36.26,-1,-1201311000000,36.16666667,34.33333333,-1,-1201312000000,50.5,41.625,-1,-1201401000000,55.2,32.34,-1,-1201402000000,14.5,5.4,-1,-1201403000000,8.563636364,7.26,-1,-1201404000000,35.1,19.16666667,-1,-1201405000000,39.93333333,22.4125,-1,-1201406000000,34.47777778,18.56470588,-1,-1201407000000,34.05454545,18.88,-1,-1201408000000,22.41578947,11.86470588,-1,-1201409000000,26.96666667,14.23,-1,-1201410000000,26.46,15.65,-1,-1201411000000,30.575,15.65,-1,-1201412000000,30.62,15.74,-1,-1201501000000,27.625,14.3,-1,-1201502000000,28.25,13.95,-1,-1201503000000,20.925,11.3,-1,-1201504000000,24.33,14.46,-1,-1201505000000,26.97777778,17.33333333,-1,-1201506000000,27.23076923,16.88333333,-1,-1201507000000,24.56,15.63636364,-1,-1201508000000,19.95833333,10.5,-1,-1201509000000,19.32307692,11.02307692,-1,-1201510000000,19.57777778,10.8625,-1,-1201511000000,19.67857143,10.35833333,-1,-1201512000000,15.95454545,8.7,-1,-1