date,Average,Sum199101000000,17.06,17.06199102000000,10.76666667,27.82666667199103000000,14.15,41.97666667199104000000,14.31639785,56.29306452199105000000,14.73531602,71.02838054199106000000,14.36580247,85.39418301199107000000,14.34890681,99.74308982199108000000,7.950535074,107.6936249199109000000,2.79152381,110.4851487199110000000,4.491555977,114.9767047199111000000,11.10235185,126.0790565199112000000,10.4417742,136.5208307199201000000,12.53453405,149.0553648199202000000,10.41423645,159.4696012199203000000,11.51330335,170.9829046199204000000,11.79090883,182.7738134199205000000,14.93759857,197.711412199206000000,11.93541667,209.6468286199207000000,11.72886852,221.3756972199208000000,10.68188844,232.0575856199209000000,7.684256944,239.7418426199210000000,7.961463374,247.7033059199211000000,9.516299826,257.2196058199212000000,9.468788403,266.6883942199301000000,10.65145161,277.3398458199302000000,8.715505952,286.0553517199303000000,4.814307796,290.8696595199304000000,8.810067708,299.6797272199305000000,10.57991337,310.2596406199306000000,12.05176381,322.3114044199307000000,8.086566115,330.3979705199308000000,7.715084766,338.1130553199309000000,8.622488916,346.7355442199310000000,9.486095431,356.2216396199311000000,9.203986111,365.4256257199312000000,8.559166667,373.9847924199401000000,10.00495968,383.9897521199402000000,8.697291667,392.6870438199403000000,8.267349911,400.9543937199404000000,7.981804972,408.9361986199405000000,7.281904762,416.2181034199406000000,9.109389957,425.3274934199407000000,7.029301075,432.3567944199408000000,3.466444893,435.8232393199409000000,3.347895833,439.1711352199410000000,5.687415995,444.8585512199411000000,6.136486111,450.9950373199412000000,6.888723118,457.8837604199501000000,6.905524194,464.7892846199502000000,6.147261905,470.9365465199503000000,7.961975807,478.8985223199504000000,10.74482706,489.6433493199505000000,16.44187038,506.0852197199506000000,16.8689127,522.9541324199507000000,14.40405795,537.3581904199508000000,7.957075653,545.315266199509000000,0.086888889,545.4021549199510000000,1.056451613,546.4586065199511000000,3.277145299,549.7357518199512000000,4.027956989,553.7637088199601000000,4.92844086,558.6921497199602000000,5.079985632,563.7721353199603000000,5.15618383,568.9283191199604000000,6.026837302,574.9551564199605000000,12.03694869,586.9921051199606000000,17.20559395,604.1976991199607000000,16.60590592,620.803605199608000000,10.93913082,631.7427358199609000000,9.151608586,640.8943444199610000000,12.60183159,653.496176199611000000,13.46204888,666.9582249199612000000,13.05791667,680.0161415199701000000,9.896223118,689.9123647199702000000,7.146845238,697.0592099199703000000,8.813444221,705.8726541199704000000,10.55346154,716.4261157199705000000,11.8305714,728.2566871199706000000,13.56011153,741.8167986199707000000,11.24596937,753.062768199708000000,9.273561827,762.3363298199709000000,4.290744639,766.6270744199710000000,7.392217742,774.0192922199711000000,10.39033929,784.4096315199712000000,10.61280914,795.0224406199801000000,10.47426075,805.4967013199802000000,10.05491071,815.5516121199803000000,11.52973118,827.0813432199804000000,13.88203723,840.9633805199805000000,13.93016949,854.89355199806000000,10.00147901,864.895029199807000000,10.14586433,875.0408933199808000000,8.110631721,883.151525199809000000,7.510252724,890.6617778199810000000,8.767913787,899.4296915199811000000,10.00721794,909.4369095199812000000,10.25295699,919.6898665199901000000,9.575174731,929.2650412199902000000,8.610074405,937.8751156199903000000,9.775376344,947.6504919199904000000,13.15976923,960.8102612199905000000,14.02931051,974.8395717199906000000,16.64322447,991.4827962199907000000,14.75020726,1006.233003199908000000,8.698815738,1014.931819199909000000,5.365198413,1020.297018199910000000,0.423809524,1020.720827199911000000,0.322222222,1021.043049199912000000,1.465,1022.508049200001000000,3.833333334,1026.341383200002000000,6.499788587,1032.841171200003000000,10.68384601,1043.525017200004000000,9.605830197,1053.130847200005000000,10.1781922,1063.30904200006000000,12.96748145,1076.276521200007000000,11.97338103,1088.249902200008000000,3.490748553,1091.740651200009000000,3.593388889,1095.33404200010000000,3.891451613,1099.225491200011000000,2.215555556,1101.441047200012000000,4.487580645,1105.928627200101000000,3.145188172,1109.073816200102000000,5.299285714,1114.373101200103000000,7.254899514,1121.628001200104000000,13.73110063,1135.359101200105000000,18.87791526,1154.237017200106000000,22.52071722,1176.757734200107000000,17.39726173,1194.154996200108000000,5.404613881,1199.559609200109000000,6.26602469,1205.825634200110000000,5.265026882,1211.090661200111000000,6.361569801,1217.452231200112000000,8.680349463,1226.13258200201000000,11.83284946,1237.96543200202000000,11.21011905,1249.175549200203000000,11.6080914,1260.78364200204000000,13.06279026,1273.84643200205000000,19.72398963,1293.57042200206000000,23.29326114,1316.863681200207000000,15.64313034,1332.506812200208000000,6.372212855,1338.879024200209000000,3.999745614,1342.87877200210000000,8.357486559,1351.236257200211000000,19.53073611,1370.766993200212000000,19.70538979,1390.472383200301000000,19.09947464,1409.571857200302000000,14.37125,1423.943107200303000000,10.20375,1434.146857200304000000,15.94919818,1450.096055200305000000,20.39827776,1470.494333200306000000,22.26987033,1492.764203200307000000,20.58952463,1513.353728200308000000,20.39126344,1533.744992200309000000,14.4555,1548.200492200310000000,3.50139785,1551.701889200311000000,6.845028771,1558.546918200312000000,14.74223118,1573.289149200401000000,17.58669355,1590.875843200402000000,11.81177203,1602.687615200403000000,14.88187677,1617.569492200404000000,17.90444746,1635.473939200405000000,14.53644963,1650.010389200406000000,17.19000936,1667.200398200407000000,17.47501721,1684.675415200408000000,13.29727939,1697.972695200409000000,14.72132143,1712.694016200410000000,16.35682796,1729.050844200411000000,13.91785695,1742.968701200412000000,14.68895161,1757.657653200501000000,14.58938172,1772.247034200502000000,13.68014881,1785.927183200503000000,14.80067815,1800.727861200504000000,15.55235576,1816.280217200505000000,16.85452337,1833.13474200506000000,18.08616667,1851.220907200507000000,16.84806452,1868.068972200508000000,9.617442781,1877.686414200509000000,9.565693842,1887.252108200510000000,13.7366129,1900.988721200511000000,12.75406944,1913.742791200512000000,13.55526882,1927.298059200601000000,13.67872312,1940.976783200602000000,13.24441964,1954.221202200603000000,12.9556623,1967.176865200604000000,14.24294842,1981.419813200605000000,17.62600637,1999.045819200606000000,18.14149008,2017.187309200607000000,14.45926768,2031.646577200608000000,9.72548291,2041.37206200609000000,12.02995406,2053.402014200610000000,12.42969086,2065.831705200611000000,13.463375,2079.29508200612000000,14.86432887,2094.159409200701000000,14.77172043,2108.931129200702000000,12.53403274,2121.465162200703000000,12.91142211,2134.376584200704000000,13.97648764,2148.353072200705000000,15.12316193,2163.476234200706000000,18.6017298,2182.077963200707000000,15.37283602,2197.450799200708000000,9.69985865,2207.150658200709000000,7.276110295,2214.426768200710000000,7.725556134,2222.152324200711000000,9.264736111,2231.417061200712000000,9.712486559,2241.129547200801000000,10.39909946,2251.528647200802000000,9.090057471,2260.618704200803000000,5.693006272,2266.31171200804000000,10.16045785,2276.472168200805000000,11.40990038,2287.882069200806000000,9.089373687,2296.971442200807000000,9.971922043,2306.943364200808000000,9.722083334,2316.665448200809000000,9.172055587,2325.837503200810000000,9.077484087,2334.914987200811000000,8.6625,2343.577487200812000000,10.81364247,2354.39113200901000000,10.94776882,2365.338899200902000000,7.497217262,2372.836116200903000000,8.447550098,2381.283666200904000000,9.589349206,2390.873015200905000000,11.46046659,2402.333482200906000000,11.94474252,2414.278224200907000000,12.6928629,2426.971087200908000000,8.517379033,2435.488466200909000000,5.221666667,2440.710133200910000000,4.764018817,2445.474152200911000000,6.629751984,2452.103904200912000000,7.869650538,2459.973554201001000000,9.227352151,2469.200906201002000000,8.722261905,2477.923168201003000000,7.432641129,2485.355809201004000000,9.840486111,2495.196296201005000000,11.10201613,2506.298312201006000000,10.76289216,2517.061204201007000000,10.06431329,2527.125517201008000000,6.399406682,2533.524924201009000000,6.227551768,2539.752476201010000000,6.398024194,2546.1505201011000000,6.488406746,2552.638907201012000000,6.878037635,2559.516944201101000000,6.571505376,2566.08845201102000000,6.382172619,2572.470622201103000000,6.969959677,2579.440582201104000000,8.196186869,2587.636769201105000000,10.98827573,2598.625044201106000000,13.46740812,2612.092453201107000000,14.3869422,2626.479395201108000000,8.880817972,2635.360213201109000000,5.10547222,2640.465685201110000000,0.973924731,2641.43961201111000000,3.735714286,2645.175324201112000000,5.157932028,2650.333256201201000000,5.362163979,2655.69542201202000000,6.774295977,2662.469716201203000000,9.770510753,2672.240227201204000000,15.88012897,2688.120356201205000000,17.09270161,2705.213057201206000000,18.8944623,2724.10752201207000000,12.80257616,2736.910096201208000000,6.348853047,2743.258949201209000000,3.406055556,2746.665004201210000000,0.597043011,2747.262047201211000000,0.620333334,2747.882381201212000000,0.643736559,2748.526117201301000000,1.20733871,2749.733456201302000000,2.451607143,2752.185063201303000000,4.841653313,2757.026716201304000000,13.25127656,2770.277993201305000000,28.37857143,2798.656564201306000000,32.275,2830.931564201307000000,37.74285714,2868.674422201308000000,31.925,2900.599422201309000000,13.09166667,2913.691088201310000000,37.96,2951.651088201311000000,35.25,2986.901088201312000000,46.0625,3032.963588201401000000,43.77,3076.733588201402000000,9.95,3086.683588201403000000,7.911818182,3094.595406201404000000,27.13333334,3121.72874201405000000,31.17291667,3152.901656201406000000,26.52124183,3179.422898201407000000,26.46727273,3205.890171201408000000,17.14024768,3223.030419201409000000,20.59833334,3243.628752201410000000,21.055,3264.683752201411000000,23.1125,3287.796252201412000000,23.18,3310.976252201501000000,20.9625,3331.938752201502000000,21.1,3353.038752201503000000,16.1125,3369.151252201504000000,19.395,3388.546252201505000000,22.15555556,3410.701808201506000000,22.05705128,3432.758859201507000000,20.09818182,3452.857041201508000000,15.22916667,3468.086207201509000000,15.17307692,3483.259284201510000000,15.22013889,3498.479423201511000000,15.01845238,3513.497875201512000000,12.32727273,3525.825148